"id","username"
1,"admin"
2,"gctic.gsit06"
3,"geovanni.chiarella"
4,"frank.guzman"
5,"maria.aguilard"
6,"yuri.vilca"
7,"keile.desposorio"
8,"roland.iparraguirre"
9,"giuliana.delcastillo"
10,"ruben.figueroa"
11,"elias.steck"
12,"erika.bayona"
13,"grace.gomez"
14,"carlos.linares"
15,"julio.salas"
16,"ana.montalvo"
17,"tania.paredes"
18,"hector.arbulu"
19,"silvia.camarena"
20,"carlos.floresr"
21,"lilian.lopez"
22,"gctic.qa"
23,"yuri.romero"
24,"edwin.neciosup"
25,"rdelgado"
26,"jose.mendozad"
27,"yovanna.seclen"
28,"cayo.roca"
29,"nataly.sifuentes"
30,"enrique.caballero"
31,"ana.huaman"
32,"jorge.balarezo"
33,"maria-paz.salinas"
34,"jessenia.martino"
35,"ivette.alarco"
36,"fiorella.villalobos"
37,"ulises.contreras"
38,"christian.gomeza"
39,"jose.espinozas"
40,"jose.salazar"
41,"gctic.gsit10"
42,"hernando.perez"
43,"scarpio"
44,"john.colonio"
45,"lisbeth.bonilla"
46,"ceabe.sgayd2"
47,"mochoa"
48,"maria.maravi"
49,"pedro.ripalda"
50,"nicke.flores"
51,"alicia.saavedra"
52,"rosario.alfaro"
53,"jlucano"
54,"bibiana.chota"
55,"reinaldo.penas"
56,"luis.garciaz"
57,"susan.alvarado"
58,"dennis.vera"
59,"juan.rodriguezv"
60,"luis.hurtado"
61,"carlos.perez"
62,"piero.delcarmen"
63,"david.romero"
64,"eva.rodriguezv"
65,"jeannette.motta"
66,"julio.suarez"
67,"kathia.vega"
68,"maria.delgadom"
69,"ruben.pena"
70,"william.arana"
71,"yohny.torres"
72,"isaac.villafuerte"
73,"ana.figueroa"
74,"emerson.lino"
75,"susan.quivio"
76,"monica.seminario"
77,"amer.martinez"
78,"zoilo.silva"
79,"luis.taboada"
80,"nathalie.minaya"
81,"augusto.vasquez"
82,"alberto.barrenechea"
83,"gctic.gsit16"
84,"alexander.larosa"
85,"german.carbonel"
86,"gctic.gsit05"
